0,Devon singer Joss Stone and rock band Muse won coveted Brit awards during the event's 25th anniversary.  Seventeen-year-old Stone from near Cullumpton won two awards: best British female act and best urban act out of three award nominations. Muse whose members met in south Devon beat Franz Ferdinand Jamie Cullum Kasabian and The Libertines for best British live act. The band has sold about two million records worldwide.  After 
0,Motley Crue guitarist Mick Mars is being sued by his ex-girlfriend for $10 million (Â£5.4 million) claiming he broke a promise to take care of her.  The woman Robin Mantooth said Mars promised her repeatedly that he would provide financial support in the event of the couple breaking up. When they split in December Mantooth says Mars denied any such agreement. She is asking a Los Angeles court to award her half the musician's pr
0,US band Scissor Sisters led the winners at the UK music industry's Brit Awards walking off with three prizes. The flamboyant act scored a hat-trick in the international categories winning the best group best album and best newcomer awards. Glasgow group Franz Ferdinand won two prizes as did Keane and Joss Stone who was voted best urban act by digital TV viewers. Robbie Williams' Angels was named the best song of the past 25 yea
0,R&B star Jamelia had three Brit nominations to go with her triple triumph at last year's Mobo awards.  The Birmingham-born singer full name Jamelia Davis was signed to a record label at the age of 15 and released her first single So High at 18. She released four number ones from her 2000 album Drama including the top five hit Money featuring the vocals of reggae artist Beenie Man. She racked up five Mobo nominations in 2000 win
0,Indie dance band Kasabian built up a cult following throughout 2004 to secure three Brit Award nominations.  The four-piece Leicester band blends dark electronics with rock earning Kasabian places on the best British group rock act and live act shortlists. They have also earned a reputation as outspoken and charismatic in contrast to fellow Brit nominees such as Keane and Snow Patrol. British music needs a kick up the arse and 
0,Joss Stone a 17-year-old soul singer from Devon beat Dizzee Rascal Jamelia Lemar and The Streets to win best British urban act at the Brit Awards. Her victory has reignited the debate about what urban music is.      I'm not really comfortable with the word urban. It's a word that's been manufactured in this country and America to describe black music. The word urban seems to cover such a broad range of black music that it's wro
0,Proposals to open a museum dedicated to Jimi Hendrix are flailing because of a row over the home of his late father.  The run-down house in Seattle has already been moved wholesale once and local authorities are now demanding it be moved to another site. Hendrix supporters hoped to turn the home into a museum for the guitarist. The mayor is going to go down as the mayor who destroyed Jimi Hendrix's house said Ray Rae Marshall o
0,Singer Courtney Love has been spared jail for assault and drug offences but must serve three years probation.  She had back-to-back court appearances in two separate cases in Los Angeles first pleading no contest to attacking a woman with a whisky bottle. In the second Ms Love 40 pleaded guilty to possessing a forged prescription and painkiller oxycodone. She must also do 100 hours community service have drug treatment attend N
0,US hip-hop star Kanye West - who leads the race for this year's Grammys with 10 nominations - rose to prominence by producing songs for artists such as Jay-Z and Alicia Keys.  He then emerged from his behind-the-scenes role to become an artist as well as a producer. But his solo career almost ended before it began after a near-fatal car crash left West with his jaw wired shut in 2002. The resulting song Through the Wire became 
0,Pop star Christina Aguilera is to marry music executive Jordan Bratman the singer's agent has confirmed.  Bratman 26 proposed to Grammy-winning singer Aguilera 23 on holiday at an undisclosed location. The pair have been together for more than two years. No wedding plans have been set yet said Aguilera's agent Meghan Prophet. Aguilera burst onto the pop scene in 1999 winning a best new artist Grammy in 2000. Her hits include Wh
0,Brits success has helped return Keane's award-winning album Hopes and Fears back to the top of the UK album chart.  The debut album which took the best British album title at the Brits on Tuesday moved up seven places from number eight to number one. Also capitalising on Brits success were the Scissor Sisters whose eponymous album moved three places to number two. U2's latest single Sometimes You Can't Make It On Your Own took 
0,U2 who have won three prestigious Grammy Awards for their hit Vertigo are stubbornly clinging to their status as one of the biggest bands in the world.  The most popular groups in the history of rock all have several things in common. The music must be inspired and appeal across generations and be distinctive if not always groundbreaking. But such success is down to more than music. They have to be compelling performers charism
0,Ray Charles who has won a string of posthumous Grammy Awards belonged to a pioneering generation of artists that had a huge influence on the course of rock and pop music.  His sound encompassed so many styles - blues gospel jazz rock 'n' roll even country - and had a real impact on the nascent UK beat and R&B scenes.  Compared in stature to Elvis Presley by some commentators Charles' songs cast their spell on such 1960s stalwar
0,The memory of soul legend Ray Charles dominated the music world's leading music ceremony on Sunday as he was given eight posthumous Grammy Awards.  Charles who died in 2004 got honours including record and album of the year while Alicia Keys and actor Jamie Foxx performed a musical tribute to him. R&B star Keys won four awards herself at the Grammy ceremony in Los Angeles. U2 Usher Norah Jones and Kanye West got three each. Wes
0,The original stars of Swedish pop quartet Abba have reunited for the home premiere of hit musical Mamma Mia! which is based on the band's songs.  It is the first time in almost 20 years that the four Bjorn Ulvaeus Benny Andersson Agnetha Faltskog and Anni-Frid Lyngstad have met publicly. Faltskog has been a virtual recluse since the band split up in 1982. The musical which has become a global phenomenon will be performed in Swe
0,A campaign has been launched to help independent labels get their music online and benefit from the growing trend for downloading music.  The British Phonographic Industry has identified a lack of independent music available for download. We want to ensure that independent repertoire is as successful in the download world as it is in the physical world said BPI chief Peter Jamieson. Downloaded singles have now overtaken physica
0,Tickets for Scotland's biggest music festival have sold out in record time five months before the event is held.  The 12th annual T in the Park festival which takes place at Balado near Kinross in July sold out just four days after the line-up was announced. Green Day the Foo Fighters and Keane are among the acts that had already been lined up to appear at the event. However the organisers have revealed Scots favourites Travis 
0,Black Sabbath have topped a list of the best British rock albums of all time.  The band once fronted by Ozzy Osbourne led a poll of Kerrang! magazine readers with their 1970 self-titled debut. The band have three more efforts on the list including fifth-placed Paranoid. Osbourne appears more than any other act with two solo records featured. The top five includes Led Zeppelin Iron Maiden and Sex Pistols. Queen Muse Manic Street
0,Singer George Michael has said that a new film about his life is the start of a retirement from public view.  The pop star said it would be a much more behind the scenes affair and called his own genre of music dead. I thought I should explain myself before I disappear said Michael who was at the Berlin film festival to launch the documentary. The film A Different Story chronicles Michael's life and career from the 1980s and hi
0,A much-loved guitar belonging to Jimi Hendrix has been sold for Â£100000 at an auction in London.  The 1965 Fender Stratocaster was one of a number of guitars included in the sale dedicated to the rock legend. The vast archive of instruments signed records and posters were collected by a dedicated fan who had become friendly with the star. The auction was billed as the biggest collection of Hendrix memorabilia to go under the h
0,The German music business - the third largest in the world - is in the state of a zombie because it has failed to respond to the challenge posed by downloading and piracy a leading industry figure has said.  Tim Renner the head of Universal Music Germany until last year told BBC World Service's The Music Biz programme that the country's music industry was now struggling to survive. Renner warned that unless the industry accepte
0,The classic film It's A Wonderful Life is to be turned into a musical by the producer of the controversial hit show Jerry Springer - The Opera.  Frank Capra's 1946 movie starring James Stewart is being turned into a Â£7m musical by producer Jon Thoday. He is working with Steve Brown who wrote the award-winning musical Spend Spend Spend. A spokeswoman said the plans were in the very early stages with no cast opening date or thea
0,Conductor Marcello Viotti director of Venice's famous La Fenice Theatre has died in Germany at 50.  Viotti director of La Fenice since 2002 conducted at renowned opera houses worldwide including Milan's La Scala and the Vienna State Opera. His time at La Fenice coincided with its reopening in 2003 after it was destroyed by fire in 1996. He fell into a coma after suffering a stroke during rehearsals for Jules Massenet's Manon la
0,Cat Deeley has resigned as host of ITV1's Saturday morning children's music show CD:UK after six years.  The 28-year-old host who also presents Stars In Their Eyes said she wanted to concentrate on new television projects. I've had a great few years met some really incredible people and been given some wonderful opportunities the presenter said. Deeley will host her last show on 5 March and guest presenters will stand in until 
0,The Producers has beaten Mary Poppins in the battle of the blockbuster West End musicals at the Olivier Awards.  The Producers won three prizes at the UK's most prestigious annual theatre awards while Mary Poppins won two. Mel Brooks' hit show triumphed in the battle for best new musical where it was up against Mary Poppins and Andrew Lloyd Webber's The Woman in White. Alan Bennett's The History Boys was the big winner in the s
0,Rock singer Pete Doherty has been involved in a fight with his band's guitarist at their biggest gig to date.  Babyshambles played for 5000 fans at London's Brixton Academy on Tuesday. The former Libertines singer traded blows with guitarist Patrick Walden. They were separated and bundled off stage before returning to end the set. The show was earlier held up due to audience overcrowding. On Monday Doherty faced blackmail and r
0,The original stage production of The Sound of Music is to be performed for the first time in the Austrian capital 40 years after the film was released.  The first full-scale theatrical production of the musical will make its debut in Vienna on Saturday. Julie Andrews starred in the 1965 film version of the Rogers and Hammerstein classic set in the Alpine country. But despite being one of the most successful musicals of all time
0,The inclusion of downloaded music in the official singles chart has been delayed for a month.  The British Phonographic Industry (BPI) had planned to include download formats in the chart from 20 March. But the date has been put back to 17 April to create a level playing field for independent labels. The BPI is concerned that independent repertoire is not adequately represented online and said they were looking at ways of recti
0,A US rapper awaiting trial for murder has filmed part of a music video in jail angering a sheriff who says he was tricked into letting TV crews in.  C-Murder a former member of rap group Tru was filmed in his orange prison suit for the video for his Y'all Heard of Me single in a New Orleans jail. He is awaiting a second trial after an original conviction was thrown out. I'm not pleased Jefferson Parish Sheriff Harry Lee said. H
0,Bill Conti's job of musical director of the Oscars show is not for the faint-hearted since conducting the orchestra is the ultimate plate-spinning assignment.  This year marks Conti's 17th turn at the helm of the Academy Awards orchestra. The excitement is a live performance as a musician he says. All of your colleagues everyone in the film industry is in the theatre. All the important people. I guess it's just a television sho
0,Church ministers are trying to prevent rapper Nelly performing in Arkansas saying they do not want his vile and filthy lyrics in their town.  More than 20 Jonesboro ministers urged music fans to boycott Nelly's 12 March concert at Arkansas State University in a bid to have it cancelled. Jonesboro is a wonderful city because of what does not come here said the Reverend Adrian Rodgers. But a venue spokesman said more than 5500 ti
0,US rap star 50 Cent has said he has thrown protege The Game out of his G-Unit gang in a feud that has apparently involved two shootings.  In a radio interview on Monday 50 Cent said the newcomer was disloyal in conflicts with other rappers. A man was shot in the thigh outside New York's Hot 97 studios while 50 Cent was on air. More shots were fired outside his management offices two hours later. 50 Cent appeared on The Game's d
0,Essex act Prodigy are to headline the second stage at this year's V Festival joining main stage headliners Scissor Sisters and Franz Ferdinand.  The event which is in its 10th year will be held at two venues - Hylands Park in Essex and Weston Park in Staffordshire on 20 and 21 August. Meanwhile rock veterans New Order have joined the T in the Park line-up alongside Athlete and Green Day. The Manchester band will play on 9 July 
0,DJ duo JK and Joel are taking over BBC Radio 1's flagship chart show on Sunday adding showbiz news celebrity interviews and between-song banter.  They hope to boost ratings for the long-running show which has been overtaken in popularity by independent radio's Hit 40 UK rundown. Radio 1's chart show is an institution and remains the station's single most popular show says JK also known as Jason King. For years people have been 
0,Rapper 50 Cent has become the first solo artist to have three singles in the US top five in the same week.  His track Candy Shop remained at the top of the charts while Disco Inferno crept up from six to five. 50 Cent also appears on rap protege The Game's song How We do number four in the US but now outside the UK top ten. The pair had a recent dispute which saw The Game thrown out of 50 Cent's rap collective G-Unit accusing h
0,Pop singer Delta Goodrem has scooped one of the top individual prizes at the first Australian MTV Music Awards.  The 21-year-old singer won the award for best female artist with Australian Idol runner-up Shannon Noll taking the title of best male at the ceremony. Goodrem known in both Britain and Australia for her role as Nina Tucker in TV soap Neighbours also performed a duet with boyfriend Brian McFadden. Other winners includ
0,US band REM have announced plans to perform for 10000 Scottish fans in a rescheduled gig.  The band will play in what has been dubbed Europe's biggest tent on Glasgow Green on Tuesday 14 June. They were forced to pull out of a concert at the SECC in Glasgow last month after bassist Mike Mills contracted flu. Fans who bought tickets for the original 22 February show can attend the rescheduled concert. The June gig will act as a 
0,Rapper 50 Cent has ended his public feud with his protege The Game as the pair said they wanted to be good role models for their communities.  The row blew up when 50 Cent threw The Game out of his G-Unit crew and accused him of being disloyal. A member of The Game's entourage was reportedly shot outside a radio station where 50 Cent was being interviewed. But the pair shook hands as they handed over money to music projects for
0,Musicians' groups are to tackle US visa regulations which are blamed for hindering British acts' chances of succeeding across the Atlantic.  A singer hoping to perform in the US can expect to pay $1300 (Â£680) simply for obtaining a visa. Groups including the Musicians' Union are calling for an end to the raw deal faced by British performers. US acts are not faced with comparable expense and bureaucracy when visiting the UK for
0,Angels by Robbie Williams is the song Britons would most like played at their funeral a survey has suggested.  While the melancholy hit topped the UK poll Europeans favoured Queen's more upbeat anthem The Show Must Go On as their first choice. Frank Sinatra's My Way was second in the UK vote with Monty Python's Always Look on the Bright Side of Life in third place. More than 45000 people were surveyed by digital TV station Musi
0,Singer Bruce Springsteen has inducted Irish rock band U2 into the Rock and Roll Hall of Fame in New York.  The lavish ceremony celebrating the 50th anniversary of rock 'n' roll also saw the induction of the Pretenders Percy Sledge the O'Jays and Buddy Guy. This was a band that wanted to lay claim to this world and the next one too said Springsteen. Bono The Edge Adam Clayton and Larry Mullen Jr who formed U2 at school in 1977 b
0,Preview performances of the Â£3m musical Billy Elliot have been delayed to give the child actors a less arduous rehearsal schedule.  Director Stephen Daldry made the decision to re-schedule the previews to protect the young stars. Three boys will rotate the demanding role of ballet dancer Billy which requires them to sing dance and act. The show's opening night on 12 May at the Victoria Palace Theatre in London remains unaffect
0,Former Stone Roses singer Ian Brown was arrested after a fight during a concert in San Francisco on Tuesday his spokesman has said.  A fan jumped on stage and attacked the singer who then became involved in a fracas with a security guard Fiction Records spokesman Paul Smernicki said. He said Brown was arrested at his hotel after the show at the Great American Music Hall but released without charge. San Francisco police said the
0,The producers behind the Lord of the Rings musical have abandoned plans to premiere the show in London because no suitable theatre was available.  The Â£11.5m show will make its debut in Toronto in March 2006 after it was found that all three West End theatres with sufficient capacity were booked. The musical is not expected in London before December 2006. Producer Kevin Wallace said it would be worth waiting for. It will be li
0,Mary Poppins star Dame Julie Andrews watched the hit stage version of her classic film at a charity performance in London's West End.  It was the first time Dame Julie who shot to fame as the nanny in the 1964 Disney movie had seen the musical staged at the Prince Edward Theatre. She watched Laura Michelle Kelly 23 reprise the role on stage. The show has been one of the West End's hottest tickets since opening in December winni
0,Snow Patrol had no other course of action but to ask their co-founder and bassist to leave the band lead singer Gary Lightbody has said.  Mark McClelland had been in the band for more than 10 years since its formation at Dundee University. Lightbody said over the last 18 months touring has taken its toll on the rest of the band's relationship with him. He said: This is the hardest decision we have ever had to make and believe u
0,Film comedy Meet The Fockers sequel to Meet The Parents has topped the US box office for a third week.  The movie which stars Ben Stiller Robert De Niro Dustin Hoffman and Barbra Streisand took $28.5m (Â£15.2m) making a total of 204.3m (Â£109m). Michael Keaton thriller White Noise was second with $24m (Â£12.8m) despite negative reviews. Martin Scorsese's Howard Hughes biopic The Aviator came third with $7.6m (Â£4m) and a total 
0,Spider-Man creator Stan Lee is to get a multi-million dollar windfall after winning a court battle with comic book company Marvel.  A judge has upheld Lee's demand for 10% of Marvel's profits from the hugely successful Spider-Man films. Spider-Man and its sequel made $1.6bn (Â£857m) at box offices worldwide. Of the cut now due to Lee 82 who created Spider-Man in 1962 his lawyer said: It could be tens of millions of dollars that
0,Actor Stephen Fry is joining the cast of the forthcoming film adaptation of The Hitchhiker's Guide To The Galaxy.  Fry will provide the voice of The Guide an electronic book which accompanies the story's hero Arthur Dent on his travels around the galaxy. Martin Freeman John Malkovich Bill Nighy and Alan Rickman are co-starring in the film due for release in May. The late Douglas Adams' original 1977 scripts have also been turne
0,British actress Antonia Bernath is making her debut in Kisna - the Warrior Poet marking a growing trend for non-Indian stars to appear in Bollywood films.  Directed by Bollywood veteran Subhash Ghai the film is set in the British Raj and Bernath plays an army general's daughter who falls in love with a rural boy Kisna. I liked the fluid nature of film-making. We improvised quite a lot says Bernath. At times it felt very chaotic
0,The Sundance Film Festival the movie industry's top destination for uncovering the next independent hits and new talent opens on Thursday.  The event will see screen executives decamp from Hollywood to Park City Utah for 11 days to search for low-key movies that could make it big in 2005. Open Water Napoleon Dynamite Garden State and Super-Size Me were all snapped up at last year's festival. But stars like Keanu Reeves and Pier
0,Actress Julia Roberts will play the part of a spider in a new film version of children's classic Charlotte's Web.  She will voice Charlotte who teams up with a girl to save their friend Wilbur the pig in the story by EB White. The film - a mix of live action and animation - will be Roberts' first project since the birth of her twins Hazel and Phinnaeus two months ago. Oprah Winfrey will voice a goose John Cleese will voice a sh
0,The number of British films produced in the UK fell 40% in 2004 with movies starring Johnny Depp and Jude Law among those affected Screen Daily has said.  Twenty-seven British films were made in the UK last year following a drop in funding compared with 45 in 2003 according to the trade weekly. It attributed the drop to tighter tax laws and reduced funding from sources such as the National Lottery. UK and US co-productions in B
0,A British author has had the film rights to her children's bestseller snapped up for a seven-figure sum with Ridley Scott set to direct.  Michelle Paver's Wolf Brother a fantasy set 6000 years ago is the first in a planned series of six books. Film studio Fox has bought the rights for around $4m (Â£2.13m) for Scott's company Scott Free to develop. The director said he was thrilled with the project. Wolf Brother is an enchanting
0,Stan Lee the man responsible for a string of comic superheroes that have become household names has won a court battle for a slice of the profits from the hit Spider-Man movies.  Many marvel at the man who gave his characters extraordinary powers and everyday headaches - a formula which revolutionised comics. Born in 1922 to poor working-class Jewish immigrants from Romania Stan Lieberman got a job in Timely Publications a comp
0,Organisers of the third Bangkok International Film Festival have been determined to carry on with this year's event despite the ravages of the Asian tsunami disaster.  The festivities have been scaled down red carpets have been mothballed and profits from ticket sales are being donated to the tsunami relief fund. Apart from this however the festival has continued as originally planned. When the disaster happened we naturally as
0,Actress Patsy Rowlands known to millions for her roles in the Carry On films has died at the age of 71.  Rowlands starred in nine of the popular Carry On films alongside fellow regulars Sid James Kenneth Williams and Barbara Windsor. She also carved out a successful television career appearing for many years in ITV's well-loved comedy Bless This House. Rowlands died in Hove on Saturday morning her agent said.  Born in January 1
0,French actress Audrey Tautou star of hit film Amelie will play the female lead in the film adaptation of The Da Vinci Code it has been reported.  The movie version of Dan Brown's best-selling novel is being directed by Ron Howard and also stars Tom Hanks. Tautou will play Hanks' code-cracking partner according to various newspapers. She is currently starring in A Very Long Engagement directed by Jean-Pierre Jeunet. Jeunet was a
0,movie The Sea Inside has been named best picture and star Javier Bardem best actor at the Bangkok International Film Festival.  Based on the true story of a paralysed man's battle to end his life The Sea Inside was best foreign language film at the 2005 Golden Globe Awards. Annette Bening and Ana Geislerova shared the best actress award at the Bangkok festival. This year's event was scaled down following the Asian tsunami disas
0,The BBC has said there are no plans in the pipeline for a new series of hit comedy Blackadder which ended in 1989.  Tony Robinson who played the servant Baldrick told ITV1's This Morning the show's star Rowan Atkinson was more keen than he has been in the past. Robinson added he would love to do another series each of which was set in a different era ranging from the 15th century to World War I. But the BBC said on Thursday the
0,Ronnie Corbett has joined fellow comedy stars Victoria Wood and David Jason in attacking the declining standards of British television programmes.  Speaking to the Radio Times the Two Ronnies star said there is too much bad language and reality TV. You get fed up watching shows with not much care and love he complained. Corbett soon to reunite with Ronnie Barker for a new Two Ronnies series also criticised quiz shows like the B
0,New comedy Diary of a Mad Black Woman has ended Will Smith's reign at the top of the North American box office.  Based on a play by Tyler Perry who also stars as a gun-toting grandmother the film took $22.7m (Â£11.8m) in its first three days of release. After topping the chart for two consecutive weeks Smith's romantic comedy Hitch dropped to second place with takings of $21m (Â£10.9m). Keanu Reeves' supernatural thriller Const
0,The BBC is to invest Â£9m in developing new comedy and entertainment programmes outside London.  The changes come as part of a shake-up of several departments to create shows that appeal to a wider range of people. Changes are also being made to teams in the factual and daytime departments outside London. Director of television Jana Bennett said the changes were about getting the best ideas on screen as efficiently and effectiv
0,The 77th annual Academy Awards are taking place on 27 February with the stars of the movie-making world once again holding their breath to discover who will be showered with the honours this year. But from humble beginnings how did the modern day extravaganza become the behemoth it is today?  HOW IT ALL STARTED The first Academy Awards were handed out in 1929 at a comparatively low-key dinner held at the Hollywood Roosevelt Hot
0,Hollywood legend Dustin Hoffman has hit out at the quality of current films and theatre productions.  The star of Rain Man and Tootsie said the film culture was in the craphouse at a press conference on Tuesday. The 67-year-old also said he stopped working a few years ago because he lost his spark for acting. Hoffman is in the UK to publicise his new comedy Meet the Fockers which also stars Robert De Niro Barbra Streisand and B
0,Johnny Depp whose latest role was Peter Pan creator JM Barrie in Finding Neverland is celebrated as one of Hollywood's most maverick talents. Depp has become an unlikely major star given his preference for taking dark and idiosyncratic roles instead of surefire box office hits. He has had a long-running working relationship with the equally unconventional director Tim Burton. Depp was born in Kentucky in 1963 and at first wante
0,Rock star Patti Smith has been made artistic director of this year's Meltdown festival to be held at London's South Bank Centre in June.  The punk pioneer follows Morrissey David Bowie and Nick Cave in directing 15 days of concerts and events. Smith has yet to decide the line-up for Meltdown which begins on 11 June. I want to touch on all aspects of our culture perhaps with readings from Genet and I have an idea for Jeremy Iron
0,Roxy Music will appear at June's Isle of Wight music festival along with Morrissey Supergrass and Idlewild.  REM have already been confirmed as headliners for the three-day event which takes place from 10-12 June. Original band members Bryan Ferry Phil Manzerana Andy Mackay and Paul Thompson will take to the stage on the Saturday night of the festival. The band are also working in the studio on new material their first since th
0,Pop Idol supremo Simon Fuller has sold his 19 Entertainment company to an US entrepreneur in a $156m (Â£81.5m) deal.  Robert Sillerman's Sports Entertainment Enterprises which is to be renamed CFX recently also bought an 85% share in the estate of Elvis Presley. Mr Fuller has been appointed to the CFX board and will plan and implement the company's creative strategy. The 19 firm handles a roster of music artists TV shows and PR
0,The former manager of Johnny Cash Saul Israel Holiff has died at the age of 79 his family said.  Mr Holiff who was also a concert promoter managed Cash's career between 1960 and 1973 quitting when he thought the singer's career had peaked. I was guilty for underestimating him repeatedly he once said. The Canadian music manager who also managed Tommy Hunter and the Statler Brothers had been in declining health according to his f
0,UK consumers are the biggest music buyers in the world according to new figures released on Tuesday by the British Phonographic Industry (BPI).  But global sales of recorded music were flat in 2004 with growing sales in DVD music videos offset by online and physical piracy in major markets. The UK music industry recorded an overall 3% increase in volume sales mostly due to its robust albums market. However world music sales dec
0,Pixies Foo Fighters and Iron Maiden will headline this summer's Leeds and Reading festivals.  The trio of rock heavyweights will top the bill for the three-day events at Bramham Park near Wetherby and at Richfield Avenue Reading. They are the Pixies' and Iron Maiden's only UK festival gigs while Foo Fighters are also at T In The Park. The Killers Razorlight and Queens of the Stone Age are also playing the twin festivals to be h
0,Mike Leigh's film Vera Drake will lead British hopes at this year's Academy Awards after getting three nominations.  Imelda Staunton was nominated for best actress for her role in the abortion drama while Leigh received nods for best director and original screenplay. Kate Winslet was also nominated in the best actress category for her role in Eternal Sunshine of the Spotless Mind. And Clive Owen and Sophie Okonedo both got nomi
0,Catalina Sandino Moreno has joined a rare group of actresses who have been nominated for an Oscar for starring in a foreign language film.  The Colombian-born actress was the final hope for director Joshua Marston who scoured the US and Colombia for a lead for Maria Full of Grace. The film sees the 23-year-old play a teenage drug mule who smuggles heroin by swallowing pellets in condoms. Plaudits have been raining down on her f
0,Film actress Annette Bening is up for an Oscar for her starring role in the award-winning film Being Julia.  Bening who was born in Texas in 1958 has gained prominence for a string of key roles. Although an Oscar has so far eluded her her status as one of Hollywood's favourite actresses remains solid. One of the biggest Oscars buzzes in recent years was for Bening's role as troubled Carolyn Burnham in 1999's American Beauty. Bu
0,The Oscars nominations list has left out some of the most controversial films of the past year in favour of safer less contentious cinema.  If best film nominees were drawn on the basis of column inches two of the front-runners would have had to be Michael Moore's Bush-baiting documentary Fahrenheit 9/11 and Mel Gibson's The Passion of the Christ. Both films polarised opinion but had critics talking and the public turning up to
0,Actress Nicole Kidman has won a restraining order against two paparazzi photographers who she claims left her fearful of leaving her Sydney mansion.  The Oscar-winning star took action against Jamie Fawcett and Ben McDonald after a bugging device was found outside her home earlier this week. Lawyers for the pair denied allegations they had planted the device. The Australian actress is currently in Sydney to film her latest movi
0,The Aviator has been tipped by UK bookmakers as the favourite to win the best film award at this year's Oscars.  Ray star Jamie Foxx is clear favourite in the best actor category while Million Dollar Baby's Hilary Swank is tipped to win the best actress prize. Bookmakers predict Cate Blanchett will be named best supporting actress. William Hill and Ladbrokes have given The Aviator 4/9 and 8/13 odds of winning best film with Mil
0,Murdered director Theo van Gogh's controversial film Submission has been pulled from the Rotterdam Film Festival because of security fears.  It was one of three of his works to be shown as part of a freedom of expression event in tribute to the late film-maker's life. The film is critical of the treatment of women under Islam. Its TV screening is thought to have led to his murder. The 10-day Dutch festival begins on Wednesday. 
0,Actor Michael Douglas is to co-produce and star in an adventure film about a diamond robbery set in India.  The new picture is expected to be similar to Douglas's action films of the 1980s Romancing The Stone and The Jewel Of The Nile. Another Hollywood star is being lined up to co-star while the rest of the cast will be Indian. Aishwarya Rai star of Bride and Prejudice is the preferred choice of the Indian studio involved in t
0,Russian drama The Return (Vozvrashchenie) has been named winner of the BBC Four World Cinema Award.  The film tells the story of two adolescent boys who are subjected to a harsh regime when their strict father returns after a 10-year absence. Directed by Andrey Zvyagintsev The Return previously won the 2003 Golden Lion award at the Venice Film Festival. The prize was presented at an awards ceremony held in London on Thursday an
0,The Incredibles movie has beaten Shrek 2 to the main prizes at Hollywood's animation awards the Annies.  The superhero film was named best animated feature while Brad Bird won best director writer and voice actor for his role as designer Edna Mode. The Incredibles won a total of 10 awards - but Shrek 2 which had seven nominations went home empty-handed. The two movies will compete with Shark Tale in the best animated film categ
0,Bookmaker William Hill has stopped taking bets on who will be the next James Bond following a succession of large wagers on actor Dougray Scott.  The firm closed the book on Friday saying insider information could have contributed to the number of bets. In the past gambles like this have often been right William Hill spokesman Rupert Adams said. The closing list gave Scott odds of 6-9 followed by Oscar nominee Clive Owen at 5-2
0,A documentary which takes a candid look at the life of chart-topping singer George Michael will be shown at this year's Berlin Film Festival.  A Different Story will screen in the Panorama section of the festival which runs from 10-20 February. It features the singer talking about both his career and his personal life from his days in Wham! through to more recent events. Michael will attend the festival to introduce the screeni
0,Film star Robert De Niro has returned to the top of the North American box office with his film Hide and Seek.  The thriller shot straight to the number one spot after taking $22m (Â£11.7m) at the box office. De Niro recently spent three weeks at the top with comedy Meet The Fockers which was at number five this week. Oscar hopefuls The Aviator Million Dollar Baby and Sideways all cashed in on their multiple nominations with st
0,A study of the United States at war in the past 50 years has picked up one of the main awards at the 2005 Sundance Film Festival in Utah in the US.  Why We Fight scooped the grand jury prize for documentaries at the world's leading independent film festival. British director Sean McAllister's The Liberace of Baghdad - about a pianist in war-torn Iraq - won a special prize in the world documentary category. Both Why We Fight and
0,Actor Leonardo DiCaprio's exceptional career has been honoured at the Santa Barbara International Film Festival.  The star was presented with the award by Martin Scorsese who directed him in Oscar-nominated movie The Aviator. It's a lifetime achievement award which is completely and utterly surreal given I'm only 30 years old DiCaprio said. But what has it been? Almost 17 years now. I've done quite a few films. A retrospective 
0,Japan's box office received a 3.8% boost last year with ticket sales worth 211bn yen (Â£1.08bn).  The surge was led by animated movie Howl's Moving Castle which took 20bn yen (Â£102m) to become the biggest film in Japan in 2004. It is expected to match the 30.7bn yen (Â£157m) record of Hayao Miyazaki's previous film Spirited Away. Japan Motion Picture Producers figures showed that 170 million cinema admissions were made in Japa
0,Actor Keanu Reeves best known for his role in the Matrix movies has been awarded a star on the prestigious Hollywood Walk of Fame.  The 40-year-old attended the unveiling of the star with his mother Patricia and thanked her for inspiring him to become an actor. When I was 15 years old I asked my mom if it was OK to be an actor Reeves said. She said: 'Whatever you want'. His star is the 2277th to be embedded in the pavement on H
0,Robert De Niro has completed a transatlantic box office double by topping the UK and US film charts with two different films at the same time.  Comedy sequel Meet the Fockers in which he stars with Ben Stiller Dustin Hoffman and Barbra Streisand shot to the top of the UK chart at the weekend. It took Â£7.2m in three days - eight times more than the number two Closer. Assault on Precinct 13 was in third. At the same time US audi
0,Actor Daniel Day-Lewis is to be presented with an award for his career in film at the Berlin Film Festival.  The 47-year-old whose credits include his Oscar-winning performance in My Left Foot will be presented with the Berlinale Camera award on 15 February. The honour awarded since 1986 honours figures in cinema that the festival feels particularly indebted to. Man to Man a historical epic starring Kristin Scott Thomas opens t
0,A US musicologist has recreated a lost musical score by German composer Johann Sebastian Bach.  The 1728 composition called Wedding Cantata BWV 216 was found among the papers of Japanese pianist Chieko Hara who died in Japan in 2001 aged 86. The work written for the wedding of a daughter of a German customs official was missing for 80 years. Joshua Rifkin - a composer and leading interpreter of Bach - has recreated the missing 
0,US musical Sweet Charity has cancelled its run on Broadway after poor ticket sales for its early shows.  Star Christina Applegate had to pull out of pre-Broadway performances earlier this month with a broken foot. Producer Barry Weissler said he was deeply proud of the show but said the decision to close it was painful but fiscally responsible. Applegate who starred in TV comedy Married With Children had been hoping to make her
0,A museum dedicated to the career of the late legendary singer Ray Charles is to open in his former recording studio in Los Angeles.  His longtime publicist Jerry Digney said the museum would house archive materials from recordings to awards to ephemera to wardrobe. A tour bus used by Charles and his entourage over the years will also be on permanent display. It is hoped the museum will be ready for visitors in late 2007.  Mr Di
0,Pop star Britney Spears has attacked false and desperate US tabloid magazines questioning their honesty after they reported she was pregnant.  In a letter on her website the singer named celebrity tabloids Us Weekly In Touch and Star as the worst offenders. Until you face what is going on in your life I guess you'll remain a false tabloid the 23-year-old wrote. Stories about the state of her marriage to Kevin Federline and rumo
0,The woman behind the Abba musical Mamma Mia! has joined a list of British-based music millionaires.  Producer Judy Craymer is the highest new entry in the Sunday Times' music rich list with a Â£67m fortune. Ms Craymer remortgaged her home to finance her idea of a musical based around Abba's hits which has since become a global triumph. Teenage soul singer Joss Stone is a new entry on a list of Britain's young music millionaires
0,Casino Royale author Ian Fleming's first James Bond book is to be the next Bond film with Goldeneye director Martin Campbell behind the camera.  It will be the 21st James Bond film to hit the big screen and speculation has been rife over who will play the lead. Casino Royale was turned into a spoof spy movie by John Huston in 1967 with David Niven in the lead role. Pierce Brosnan led the past four Bond films but said producers 
0,Organisers say this year's Berlin Film Festival which opens on Thursday with period epic Man to Man will celebrate a revitalised European cinema.  Of the 21 films in competition for the Golden and Silver Bear awards more than half are from Europe with France particularly well represented. Festival director Dieter Kosslick says this strong showing signals a new consciousness for European films. They're on an incredible winning s
0,India has ordered the deportation of Iranian-born model and actress Negar Khan to Norway after saying she was working illegally on her visa.  Khan has had raunchy roles in music videos and Bollywood films over the past two years. The distressed actress told media she was being driven straight to the airport after a routine appointment at the Bombay immigration office. Immigration officials said she had been warned about her vis
0,Oscar-nominated film biopic Ray has surpassed its US box office takings with a combined tally of $80m (Â£43m) from DVD and video sales and rentals.  Ray's success on DVD outstripped its $74m (Â£40m) US box office total earning more than $40m (Â£22m) on the first day of the DVD's release alone. Ray has been nominated in six Oscar categories including best film and best actor for Jamie Foxx. The film recounts the life of blues si
0,Women in the UK film industry earn less than their male counterparts despite being better qualified according to a study released on Wednesday.  Only 16% of women earn more than Â£50000 compared with 30% of men. Women make up a third of the workforce. The research was carried out jointly by the UK Film Council and industry training body Skillset. It also found that women in the industry were less likely than men to be married o
0,At the Bafta film awards on Saturday night there is the prospect that a home-grown movie could walk off with a clutch of trophies.  Vera Drake Mike Leigh's tale about a 1950s backstreet abortionist is nominated in 11 categories. These include best film best director and best actress shortlist for Imelda Staunton who plays the eponymous character. The film has spent months being lauded with prizes from the Venice Film Festival t
0,The new big-screen version of The Magic Roundabout released in the UK on Friday is the latest attempt to turn children's television into box-office gold.  Recent years have seen a less-than-successful adaptation of the 1960s puppet show Thunderbirds and a moderately successful version of E Nesbit's Five Children and It previously filmed by the BBC in 1991. He-Man and Transformers which were cartoon favourites in the 1980s will 
0,Hollywood stars brought a touch of glamour to London on Saturday for the biggest night in the British film calendar.  Cate Blanchett Leonardo DiCaprio and Richard Gere were just some of the actors who attended the 2005 Bafta film awards. They emerged from limos at Leicester Square to an uncertain British climate that threatened rain one moment and promised late winter sunshine the next. But the gods were certainly shining on th
0,Movie stars from across the globe are attending this year's Bafta film award ceremony.  British stars Imelda Staunton and Clive Owen are hoping for awards at the Odeon in London's Leicester Square. Hollywood stars Leonardo diCaprio Pierce Brosnan Christian Slater and Richard Gere are also in the audience for the biggest night in UK film. Hollywood blockbuster The Aviator starring DiCaprio leads the field with 14 nominations inc
0,Hollywood stars including Spike Lee Burt Reynolds and Oscar nominee Alan Alda have paid tribute to actor Ossie Davis at a funeral in New York.  Veteran star Ossie Davis a well-known civil rights activist died in Miami at the age of 87 on 4 February 2005. Friends and family including actress Ruby Dee his wife of 56 years gathered at the Riverside Church on Saturday. Also present at the service was former US president Bill Clinto
0,Hollywood blockbuster The Aviator and low-budget British movie Vera Drake have shared the main honours at the 2005 Bafta film awards. The Aviator was declared best film and its star Cate Blanchett won best supporting actress. But Vera Drake scored best director for Mike Leigh while Imelda Staunton took the hotly contested best actress award. Jamie Foxx won best actor for Ray while British actor Clive Owen took best supporting a
0,Leading actor Edward Fox is one of the men behind plans to reopen a Swansea theatre thought to be Wales' oldest.  The star of film and TV hits Day of the Jackal and Edward and Mrs Simpson has joined forces with Swansea-born actor-director Terry Palmer. They will set up a charity to raise money to buy the Palace Theatre and hope to reopen it to audiences in summer 2006. It is estimated that Â£500000 is needed to buy the Grade II
0,Oscar-nominated animation Shark Tale has raked in $80m (Â£42.4m) in the first week of its US DVD release becoming the year's best-selling home video so far.  The tally for its DVD and video sales soared past the film's opening week US box office takings of $56m (Â£29.7m). Shark Tale is now the sixth-highest earning DVD for first week sales. The all-time first-week record is held by 1995's Lion King followed by Shrek 2 Finding N
0,Jennifer Lopez cancelled an appearance at the UK charity premiere of her new movie saying she was too ill to fly.  The actress and singer dropped out at the last minute and has now cancelled all European promotion of the film Shall We Dance? and her new album. She said: I very much wanted to be in London but unfortunately I'm not well. At the advice of my doctors I'm unable to travel. Co-star Richard Gere attended the event hel
1,Tottenham manager Martin Jol acclaimed his players for their patience in their 3-0 FA Cup fifth-round victory over a determined Nottingham Forest side.  We had the initiative but it wasn't easy. It was a professional sort of performance the Dutchman said. Forest played with a lot of players behind the ball in the first half but at 2-0 they were dead and buried. Looking ahead to the quarter-final Jol said: Newcastle have got a v
1,Michael Owen revelled in his return to the to the Real Madrid starting line-up and inspired a 3-1 win over Real Betis on Wednesday by scoring the first goal.  He said: I am happy I could play a game from the start again. I felt good all though the game and it is obvious that I am happy to have scored another goal. People have talked a lot about my performances and I think I have had some months that were not so good and others 
1,Manchester United manager Sir Alex Ferguson said his side's task against AC Milan would not be made any easier by the absence of Andriy Shevchenko.  Milan's talismanic European footballer of the year misses Wednesday's Champions League first-leg tie after fracturing his cheekbone. It's a loss (to Milan) but it could be worse if they didn't have such quality to bring in Ferguson said. How much they miss him I think they'll know 
1,Ian Rush's future as Chester manager is uncertain after he and assistant Mark Aizlewood refused a severance package.  Chester have won only two of their last 10 League games but Chairman Steve Vaughan claims he cannot afford to sack the 43-year-old Liverpool legend. Vaughan said: I offered a financial settlement so they could resign with dignity but an obvious action is to dismiss them. I haven't because of the finances so tech
1,Jose Antonio Reyes has added to speculation linking him with a move from Arsenal to Real Madrid after falling victim to a radio prank.  The Spaniard believed he was talking to Real Madrid sporting director Emilio Butragueno when he allegedly berated his team-mates as bad people. I wish I was playing for Real Madrid the 21-year-old told Cadena Cope. Hopefully it could happen. I love the way Madrid play. I'm not happy with the wa
1,Liverpool boss Rafael Benitez was satisfied after his team's 3-1 win over Bayer Leverkusen despite conceding a goal in the last minute.  Before the game if you had said the score will be 3-1 I would have happily accepted that said Benitez. But you must realise that you have to concentrate right to the very last seconds of a game at this level. I have confidence that we can complete the task in Germany. I am always confident and
1,Newcastle boss Graeme Souness is lining up a summer move for England and Real Madrid striker Michael Owen.  He sees Owen as the ideal replacement for Alan Shearer who is due to retire in the summer although he hopes to persuade Shearer to carry on. Michael is in the category of players who would excite the fans and we're monitoring him he told BBC Newcastle. He is a great centre-forward and only 25 but I don't think we're the o
1,Arsenal manager Arsene Wenger claimed their display in the 3-1 defeat against Bayern Munich was our worst peformance in the Champions League.  Kolo Toure's late goal gives the Gunners hope for the second leg but Wenger said: The only positive is that we are still in the tie. The players are really down in the dressing-room. I feel we really turned in a bad performance. At 3-0 we faced a real struggle but 3-1 at least gives us a
1,AC Milan defender Jaap Stam says Manchester United know they made a mistake by selling him in 2001.  The sides meet at Old Trafford in the Champions League game on Wednesday and the 32-year-old's Dutchman's presence is sure to add spice to the fixture. United made a mistake in selling me Stam told Uefa's Champions magazine. I was settled at Manchester United but they wanted to sell me. If a club want to sell you there is nothin
1,Chelsea boss Jose Mourinho has insisted that Sir Alex Ferguson and Arsene Wenger would swap places with him.  Mourinho's side were knocked out of the FA Cup by Newcastle last Sunday before seeing Barcelona secure a 2-1 Champions League first-leg lead in the Nou Camp. But he denied his club was suffering a dip in form which league rivals Arsenal and Manchester United could exploit. They cannot speak to us about blips because the
1,Former Blackburn boss Roy Hodgson says the Premiership should follow the rest of Europe and have a winter break - but insists that a gruelling domestic schedule will not damage the English elite's bid for Champions League glory.  Hodgson - now in charge at Viking Stavanger - was at Liverpool's clash with Bayer Leverkusen at Anfield on Tuesday as a member of Uefa's technical committee. Hodgson is a fierce advocate of the winter 
1,Claudio Ranieri has been sacked as Valencia coach just eight months after taking charge at the Primera Liga club for the second time in his career.  The decision was taken at a board meeting following the side's surprise elimination from the Uefa Cup. We understand and he understands that the results in the last few weeks have not been the most appropriate said club president Juan Bautista. Former assistant Antonio Lopez will t
1,Aston Villa's Carlton Cole could be out for six weeks with a knee injury.  The striker who is on a season-long loan from Chelsea picked up the knock in an England Under-21 match against Holland earlier this month. Carlton will be out of action for four to six weeks after a bad challenge said Villa boss David O'Leary. I won't be able to tell you whether he will need an operation until maybe next week. Whether he has an operation
1,Arsenal win 4-2 on penalties  The Spanish goalkeeper saved from Alan Quinn and Jon Harley as Arsenal sealed a quarter-final trip to Bolton with a 4-2 victory on penalties. Lauren Patrick Vieira Freddie Ljungberg and Ashley Cole scored for Arsenal while Andy Gray and Phil Jagielka were on target for the Blades. Michael Tonge and Harley wasted chances for the underdogs but Paddy Kenny was inspired to keep Arsenal at bay. Arsenal 
1,Ajax have refused to reveal whether Tottenham's boss Martin Jol is on the Dutch champions' shortlist to become the Amsterdam club's new coach.  Jol who has coached in his native Holland has guided Spurs to the Premiership's top eight. An Ajax spokesman told BBC Sport: The coach must fit our profile - a coach who understands the Dutch league and offensive and distinctive football. We need to find a solution soon so someone is in
1,Liverpool forward Milan Baros is uncertain whether he remains part of boss Rafa Benitez's plans after being dropped for the Carling Cup final.  Baros who is Liverpool's leading scorer this season denied reports of a row with Benitez but claims he is mystified at being left on the bench. He told Czech newspaper Daily Sport: I don't know why I didn't play on Sunday. I didn't argue with anybody. I was disappointed but I am not thi
1,Southampton's David Prutton faces a possible seven-match ban when he goes before the Football Association.  The 23-year-old has admitted two charges of improper conduct following his dismissal against Arsenal. The first charge relates to his failure to leave the field promptly pushing referee Alan Wiley and remonstrating with assistant referee Paul Norman. And the second charge is for using threatening words and/or behaviour to
1,Injured Chelsea winger Arjen Robben has insisted that he only has a 10% chance of making a return against Barcelona in the Champions League.  The 21-year-old has been sidelined since breaking a foot against Blackburn last month. Chelsea face Barcelona at home on 8 March having lost 2-1 in the first leg. And Robben told the Daily Star: It is not impossible that I will play against Barcelona but it is just a very very small chanc
1,Adriano's agent Gilmar Rinaldi has insisted that he has had no contact with Chelsea over the striker.  Chelsea were reported to have made inquiries about Inter Milan's 22-year-old Brazilian star. Rinaldi told BBC Sport from Rio de Janeiro: I can assure you that Chelsea have had no dealings whatsoever with either me or Adriano. Parma and Real Madrid are interested but there's nothing new there. Their interest has been known for 
1,The Football Association will take no action against Chelsea boss Jose Mourinho following his sending-off in Sunday's Carling Cup final.  Mourinho who was sent from the touchline for appearing to taunt Liverpool fans has been reminded of his responsibilities to the game. But the FA confirmed: There will be no further action taken in this matter. Mourinho claimed his 'silence' gesture was aimed at the media although they were on
1,Spain coach Luis Aragones is furious after being fined by The Spanish Football Federation for his comments about Thierry Henry.  The 66-year-old criticised his 3000 euros (Â£2060) punishment even though it was far below the maximum penalty. I am not guilty nor do I accept being judged for actions against the image of the sport he said. I'm not a racist and I've never lacked sporting decorum. I've never done that and I have meda
1,Middlesbrough midfielder James Morrison has been ruled out for up to eight weeks after an operation on Tuesday.  The 18-year-old who has played in 13 of the club's last 14 games had surgery to repair a double hernia. A club spokesman confirmed: It is a bilateral sportsman's hernia which was operated on yesterday. Morrison was sent for scans after being substituted at half-time during Boro's 2-1 UEFA Cup win over Graz AK in whic
1,Sir Bobby Robson has offered Chelsea boss Jose Mourinho some advice on coping under pressure.  The pair worked together at Barcelona and Porto and Robson had a word of warning for his protege. It has all gone for him just lately and that is marvellous but sometimes you have to have a bit of humility and learn how to lose said Robson. It is when it goes against you and you get a bit of bad luck that you learn and he'll get it st
1,Queens Park Rangers keeper Chris Day is set to join Preston on a month's loan.  Day has been displaced by the arrival of Simon Royce who is in his second month on loan from Charlton. QPR have also signed Italian Generoso Rossi. R's manager Ian Holloway said: Some might say it's a risk as he can't be recalled during that month and Simon Royce can now be recalled by Charlton. But I have other irons in the fire. I have had a 'yes'
1,Chelsea goalkeeper Carlo Cudicini will miss Sunday's Carling Cup final after the club dropped their appeal against his red card against Newcastle.  The Italian was sent off for bringing down Shola Ameobi in the final minute of Sunday's match. Blues boss Jose Mourinho had promised to pick Cudicini for the final instead of first-choice keeper Petr Cech. The 31-year-old will now serve a one-match suspension commencing with immedia
1,Everton striker James Beattie has been declared fit for training on Tuesday despite suffering an alleged assault last Saturday.  Beattie 27 is not believed to be as seriously hurt as some reports have suggested after being the victim of an unprovoked assault in Birmingham. He was on a night out with his girlfriend and two friends following Everton's 3-1 win over Aston Villa. He was shaken but not badly injured said Everton spok
1,Manchester City boss Kevin Keegan has praised striker Robbie Fowler for his landmark return to form.  The 29-year-old out of favour at City earlier this season took his Premiership goal tally past 150 with a brace in Monday's 3-2 win at Norwich. He is still a quality player and knows where the net is - we have just got to supply him with ammunition and in the end we did Keegan said. He has worked hard to get back to where he is
1,Liverpool legend Phil Thompson has pleaded with Steve Gerrard to reject any overtures from Chelsea.  The ex-Reds assistant boss also warned that any honours won at Chelsea would be cheapened by the bid to buy success. He told BBC Radio Five Live: Liverpool would think about any bid made but it will all be down to Steve in the end. But it wouldn't have that same sweet feeling at Chelsea where it's all money-orientated and about 
1,Ashley Cole has refused to blame Robin van Persie for leaving Arsenal with no fully-fit strikers for the FA Cup fifth round replay at Sheffield United.  Van Persie is suspended alongside Dennis Bergkamp and Jose Antonio Reyes after being sent off at Southampton when Arsenal had a numerical advantage. Thierry Henry is ruled out with an Achilles tendon injury but Cole said: No-one is putting the blame on Robin. It's just somethin
1,Tuesday 1 March  2000 GMT  Howard Webb (South Yorkshire)  home to Leicester in the quarter-finals  But defender Andy Todd is suspended and could be replaced by Dominic Matteo - if he recovers from a hamstring injury. Burnley have major injury concerns over Frank Sinclair and John McGreal. Michael Duff looks set to continue at right-back with John Oster in midfield and Micah Hyde is expected to recover from a knee injury.  - Bla
1,Park  Tuesday 1 March  1945 GMT  Barry Knight (Kent)  home to Manchester United in the quarter-finals  Midfielder Andrew Frampton and striker Deon Burton are both slight doubts with hamstring injuries but should be fit Saints are missing their entire first-choice midfield of Jamie Redknapp Graeme Le Saux Nigel Quashie and David Prutton. Anders Svensson and Matt Oakley are likely replacements with Kevin Phillips also scheduled t
1,Marcel Desailly insists there is no chance of history repeating itself when Chelsea take on Barcelona on Wednesday.  The French star was part of the Chelsea side crushed 5-1 at the Nou Camp in the Champions League quarter-final second leg in 2000. Things will be totally different this time he told BBC Sport. Now everyone knows about Chelsea and is a little bit afraid of them. They are one of the major clubs in Europe and the pr
1,Marcel Desailly insists there is no chance of history repeating itself when Chelsea take on Barcelona on Wednesday.  The French star was part of the Chelsea side crushed 5-1 at the Nou Camp in the Champions League quarter-final second leg in 2000. Things will be totally different this time he told BBC Sport. Now everyone knows about Chelsea and is a little bit afraid of them. They are one of the major clubs in Europe and the pr
1,Chelsea manager Jose Mourinho expects the Champions League clash with Barcelona to be a fight to the finish.  Mourinho is relishing the first leg of the tie against his former club in the last 16 in the Nou Camp. He said: I wouldn't be surprised if nothing had been decided by the last minute of the return leg and the match had to go into extra time. I have to defend what is mine and the Champions League is mine at the moment. I
1,Holders Manchester United and Premiership leaders Chelsea both face difficult away ties against Premiership opposition in the FA Cup fifth round.  United were drawn against Everton while Chelsea face a trip to Newcastle. Brentford and Hartlepool - the only sides left from outside the top two divisions - will replay for the right to travel to Southampton. Burnley's reward for a place in the last 16 was a home tie against Lancash
1,Bolton boss Sam Allardyce has signed Roma defender Vincent Candela on a five-month deal.  The 31-year-old former France international gave his last press conference as a Roma player on Monday anouncing his move to Bolton. I have signed a five-month contract with Bolton said Candela who will travel to England on Tuesday. In June I will decide whether to continue to play for Bolton or retire from professional football. Allardyce 
1,Norwich have signed Charlton midfielder Graham Stuart until the end of the season for an undisclosed fee.  It was a very easy decision to make the 34-year-old told Norwich's website. The attraction for me was to continue to play in the Premiership. Canaries boss Nigel Worthington added: I'm delighted that Graham will be joining us until the end of the season. He's gives us a wealth of experience. Hopefully he can be part of kee
1,Newcastle striker Craig Bellamy is discussing a possible short-term loan move to Celtic BBC Sport understands.  The Welsh striker has rejected a move to Birmingham after falling out with Magpies manager Graeme Souness. The Toon boss vowed Bellamy would not play again after a bitter row over his exclusion for the game against Arsenal. Celtic are in no position to match Birmingham's Â£6m offer but a stay until the end of the seas
1,Arsenal's Sol Campbell has called the rivalry between Manchester United and the Gunners bitter and personal.  Past encounters have stirred up plenty of ill-feeling between the sides and they meet again at Highbury on Tuesday. It is just more bitter and personal against United the defender told The Guardian newspaper. There's an edge. After all that has happened if we beat them it will be one of our sweetest ever wins especially
1,Blackburn have rejected a third bid from Rangers for Scotland captain Barry Ferguson BBC Sport has learnt.  It is thought Blackburn want Â£6m for the midfielder but chief executive John Williams has confirmed the club are still in dialogue with Rangers. The 26-year-old has already handed in a transfer request at Ewood Park as he seeks a return to Ibrox. But the clubs have been unable to reach agreement over a fee for Ferguson w
1,Top seeds South Africa return to the scene of one of their most embarrassing failures when they face the Seychelles in the Cosafa Cup next month.  Last year Bafana Bafana were humbled in the first by minnows Mauritius who beat them 2-0 in Curepipe. Coach Stuart Baxter and his squad will return to Curepipe face the Seychelles in their first game of the new-look regional competition. The format of the event has been changed this 
1,New Southampton manager Harry Redknapp faces an immediate reunion with his old club Portsmouth after they were drawn together in the FA Cup fourth round.  Exeter City face a home tie against Middlesbrough if they can see off holders Manchester United in a replay. Oldham's reward for beating Manchester City is a home tie with Bolton while Yeovil will be away to Charlton. Chelsea host Birmingham Tottenham travel to West Brom and 
1,Real Madrid are closing in on a Â£2m deal for Everton's Thomas Gravesen after the Dane's agent travelled to Spain to hold talks about a move.  John Sivabaek told BBC Sport: I'm here to listen to what Real have to say. Nothing has been agreed but this is a big opportunity for any player. The 28-year-old's contract expires in the summer but Real want a quick deal. Sivabaek added: I will be meeting Real on Wednesday. There is seri
1,Germany coach Jurgen Klinsmann has warned goalkeeper Jens Lehmann he may have to quit Arsenal to keep his World Cup dreams alive.  Lehmann is understudy to Oliver Kahn in the German squad but has lost his place to Manuel Alumnia at Highbury. Klinsmann said: It will be difficult for any of our players if he is not a first-choice at his club. If Jens is not Arsenal's number one keeper that is a problem for me. He must be playing 
1,Juninho's agent has confirmed that the player is hoping for talks with Martin O'Neill as the Brazilian midfielder comes closer to departing Celtic.  Brian Hassell says no official approach has been received from Manchester City but that the English club had been earmarked as a possible destination. But it was being stressed to BBC Sport that Juninho would prefer to remain with the Scottish champions. Juninho wants assurances th
1,Arsene Wenger has signed a new contract to stay at the club until May 2008.  Wenger has ended speculation about his future by agreeing a long-term contract that takes him beyond the opening of Arsenal's new stadium in two years. He said: Signing a new contract just rubber-stamps my desire to take this club forward and fulfil my ambitions. I still have so much to achieve and my target is to drive this club on. These are exciting
1,The FA is to take action after trouble marred Wednesday's Carling Cup tie between Chelsea and West Ham.  Police in riot gear were confronted by a section of the West Ham support after the match which the Blues won 1-0. Mateja Kezman the scorer of Chelsea's goal needed treatment on a head injury during the match after being hit by a missile believed to be a coin. A spokeswoman for Chelsea said the club would await the referee's 
1,Arsenal's Edu has lifted the lid on the scenes that followed Manchester United's win over the Gunners.  The Brazilian confirmed tempers had flared but could shed no light on reports that food was thrown at United boss Sir Alex Ferguson. I saw people being pulled apart people pushing pointing and shouting he told Uefa's official website. The United players were trying to wind us up about the result but I didn't see any soup bein
1,The 25-year-old tested positive for a banned substance - which he later denied was cocaine - in October. Chelsea have decided to write off a possible transfer fee for Mutu a ï¿½15.8m signing from Parma last season who may face a two-year suspension. A statement from Chelsea explaining the decision read:We want to make clear that Chelsea has a zero tolerance policy towards drugs. Mutu scored six goals in his first five games aft
1,Sir Alex Ferguson has called on the Football Association to punish Arsenal's Thierry Henry for an incident involving Gabriel Heinze.  Ferguson believes Henry deliberately caught Heinze on the head with his knee during United's controversial win. The United boss said it was worse than Ruud van Nistelrooy's foul on Ashley Cole for which he got a three-game ban. We shall present it to the FA and see what they do. The tackle on Hei
1,Arsenal boss Arsene Wenger would consider signing Adrian Mutu once the striker has served his drugs ban.  Mutu was sacked by Chelsea on Friday after testing positive for cocaine - a move Wenger has backed. But he said: I don't even wonder if that could happen because I think he will be suspended for a long period. But once he has served his suspension he has the right again to start from zero. I would then meet the player and s
1,Tottenham manager Jacques Santini has resigned for personal reasons.  The former France manager moved to White Hart Lane this summer but now wants to return to France. Santini said: My time at Tottenham has been memorable and it is with deep regret that I take my leave. I wish the club and the supporters all the best. Private issues in my personal life have arisen which caused my decision. I very much hope that the wonderful fa
1,Disgraced former Chelsea striker Adrian Mutu is to begin talks with Juventus as he looks for a new club.  Mutu will be in our club's main stand to watch the match between Juventus and Fiorentina said a Juventus official who declined to be named. Then he will meet some important people of the club he added. Mutu 25 sacked by Chelsea and banned for seven months for taking cocaine is now represented by Alessandro Moggi son of Juve
1,Uefa says it will allow European matches to be played on artificial pitches from the start of next season.  European football's governing body made the decision at a meeting of its Executive Committee on Wednesday. Uefa explained that the move follows comprehensive studies into the sporting and medical aspects of using artificial playing surfaces. They can be used subject to complying with Uefa quality criteria but there use wi
1,Premiership side Newcastle United face a trip to Ryman Premier League leaders Yeading in the FA Cup third round.  The game - arguably the highlight of the draw - is a potential money-spinner for non-League Yeading who beat Slough in the second round. Conference side Exeter City who knocked out Doncaster on Saturday will travel to Old Trafford to meet holders Manchester United in January. Arsenal were drawn at home to Stoke and 
1,Striker Nicolas Anelka reportedly wants to leave Manchester City in search of Champions League football.  Anelka 25 is in talks over a contract extension beyond 2007 with City but is believed to fear his career will go stale if he stays at the club. The News of the World reports that Anelka told a French magazine: I either decide to win titles or to have an easy life. I think I will always choose football if a great club makes 
1,Tottenham sporting director Frank Arnesen has denied that coach Jacques Santini resigned because of a clash of personalities at White Hart Lane.  There had been newspaper speculation that Santini had felt undermined by Arnesen's role at the club. It is absolutely not true Arnesen told BBC Radio Five Live. There is only one thing that made him resign and that is his own personal problems. He has talked to me recently and said th
1,Graeme Souness believes Walter Smith would be the perfect choice to succeed Berti Vogts as Scotland manager.  Souness's former assistant at Rangers is hot favourite to take over from Vogts who resigned on Monday. Walter is most definitely the ideal candidate for that job. He'd be perfect for it Souness told BBC Sport. The Scottish Football Association has appointed Tommy Burns as provisional caretaker-boss for the friendly agai
1,Chelsea's William Gallas believes they will battle it out with Arsenal for the Premiership in the coming months.  It'll be a two-horse race all the way to the end of the season because we are both going to give it everything he told BBC Sport. You need to be good and you need a lot of luck. You need a bit of both but it will be as hard for the Arsenal players as it is for the Chelsea boys. We know that we have got the power in 
1,Some 65 years ago Bernardo Gandulla left Boca Juniors in his native Argentina and headed for Brazil.  He arrived at the Vasco da Gama club with considerable prestige - which he failed to live up to. He left an impression but not for reasons he would have wanted. The only thing of note he did was to throw the ball back when it went out of play. Even today 'gandula' is the term used in Brazil for ballboy. Brazilians delighted in 
1,Arsenal's Brazilian midfielder Edu has hit out at the club for stalling over offering him a new contract.  Edu's deal expires next summer and he has been linked with Spanish trio Real Madrid Barcelona and Valencia. He told BBC Sport: I'm not sure if I want to stay or not because the club have let the situation go on this far. If they had really wanted to sign they should have come up with an offer six months before indicating t
1,The worst kept secret in Scottish football was revealed on Thursday when Walter Smith was named as the new national manager.  From the moment Berti Vogts' miserable tenure in charge of Scotland ended the former Rangers and Everton boss has been the overwhelming favourite for the post. But is Smith the man for what must be one of the hardest jobs in football? The 56-year-old takes over at a time when the national side is in the 
1,Blackburn striker Matt Jansen faces three weeks out after surgery to treat a cartilage problem.  But central defender Lorenzo Amoruso is moving closer to fitness following a knee operation. Rovers' assistant manager Mark Bowen said: Matt had a small operation to trim knee cartilage. It's a tiny piece of work which should be a fairly quick recovery. Lorenzo is also jogging for the first time along with kicking a ball. Jansen's c
1,An second-half goal from Andy Scott condemned Mansfield to a ninth successive game without a win.  Early in the second half Wayne Carlisle's cross was met by Scott and he blasted the ball home from just outside the penalty area. As Orient chased a second Mansfield had to clear Alan White's header off the line and Kevin Pilkington saved well from Michael Simpson. By the end Mansfield fans were chanting for the head of chairman K
1,Zambia's technical director Kalusha Bwalya is confident and cautious ahead of the Cosafa Cup final against Angola on Saturday in Lusaka.  Bwalya said: Nothing short of victory will do. However Bwalya warned his side not to be too complacent. I don't want my team to be too comfortable or too sure of victory as it is going to be a difficult game. For me the main aim of the game is to enjoy and to win. Zambia have shown their dete
1,England's 1-0 defeat to Spain on Wednesday dominated the back and front pages of the country's press on Thursday.  Controversy was in no short supply with racist abuse of England's black players Wayne Rooney's petulance and England's inept performance. But what did the Spanish press make of the affair? BBC Sport looks at the reaction.      There is little coverage of the racist chanting on Wednesday night's game. But AS does co
1,Republic of Ireland manager Brian Kerr admitted he was frustrated his side did not score more than one goal in their friendly win over Croatia.  Robbie Keane took his Republic record to 24 with a first-half goal which proved enough for victory. We had more good chances. It is just a shame we did not take them against such a technically gifted team said Kerr. But given the conditions and the standard of the Croatian team we shou
1,Chelsea's win at Fulham - confirming their position at the Premiership summit - proves that they now have everything in place to mount serious challenges on all fronts this season.  They have got strength in depth great players an outstanding manager in Jose Mourinho and finances no other club in the world can match. All they need to add now is the big prizes which as we all know is the most difficult part of all. One thing is 
1,Hearts of Oak set up an all Ghanaian Confederation Cup final with a 3-2 win over Cameroon's Cotonsport Garoua in Accra on Sunday.  The win for Hearts means they will play Asante Kotoko in the two-leg final after the Kumasi team qualified from Group A on Saturday. In the other Group B game Cameroon's  beat  of South Africa 3-2 in Douala neither side could have qualified for the final. Hearts of Oak started the game needing a win
1,Charlton manager Alan Curbishley paid tribute to two-goal striker Jonatan Johansson after beating Norwich.  Curbishley said after the 4-0 win: There was talk about Norwich being interested in the summer but I have a lot of faith in Jonatan. When there was talk of other clubs I just told him he was going nowhere. He's part of our squad and he got us a couple of important goals early on. I'm sure he's happy here but I was delight
1,Celtic's Neil Lennon admits Rangers could be considered slight favourites for the Old Firm CIS Cup clash but insists his side can still win.  Lennon concedes Rangers are in good form at the moment but they have failed to beat Celtic in their last seven meetings. Rangers are on the up and have been on a good run in recent weeks he said. But it's a game we believe we're capable of winning if we play our best he told the Evening T
1,Middlesbrough boss Steve McClaren has praised the way his side have got to grips with European football after the 2-0 Uefa Cup win against Lazio.  Boro who are playing in Europe for the first time in their 128-year history are top of Group E with maximum points. I think we have taken to Europe really well said McClaren. We got about Lazio didn't let them settle or play. And in possession we controlled it and looked threatening 
1,Liverpool manager Rafael Benitez admitted victory against Deportivo La Coruna was vital in their tight Champions League group.  Jorge Andrade's early own goal gave Liverpool a 1-0 win. And Benitez said: We started at a very high tempo and had many chances. It is a very important win for us and we could have scored more goals. We were very good defensively and also good on the counter attack. We are pleased but move on to the ne
1,Leroy Lita took his goal tally to 13 for the season as his double earned City an LDV Vans Trophy win.  The striker finished off Scott Murray cross from close range just seconds before half-time. Lita then made it 2-0 on 52 minutes but Dons' substitute Serge Makofo then netted a great volley to make it 2-1. The visitors almost took the tie to extra time with a late 30-yard bullet from Richard Johnson which was well held by Steve
1,Hereford win 3-1 on penalties.  Rovers took the lead on 59 minutes as Michael McIndoe's corner found Adriano Rigoglioso whose stunning volley soared into the top right of the net. Danny Williams equalised for the hosts after 72 minutes with a crisp finish from just insist the penalty box. McIndoe saw an extra-time penalty saved giving Mills the chance to net the winning penalty.  Mawson Travis Mkandawire James Robinson Daniel W
1,Glenn Hoddle will be unveiled as the new Wolves manager on Tuesday.  The club have confirmed that the former England coach will be unveiled as the successor to Dave Jones at a news conference at Molineux at 1100 GMT. Hoddle has been linked with a return to former club Southampton but Wolves have won the race for his services. He has been out of the game since being sacked at Spurs in September 2003 and worked alongside Wolves c
1,Arsene Wenger has pledged to keep faith with stand-in keeper Manuel Almunia for the crunch week which could define Arsenal's season.  Almunia will start Tuesday's Champions League group tie against Rosenborg and is likely to face Chelsea on Sunday. Wenger said: You don't think I would take out one goalkeeper for just one game do you? I don't do that. I have to give him a run for a few games. It's just that I don't want to make 
1,Former Liverpool manager Gerard Houllier has praised the work of his Anfield successor Rafael Benitez.  Houllier was angry at reports that he has been critical of Benitez since the Spaniard took over at Liverpool. But Houllier told BBC Sport: In private and in public I have stressed I believe Rafa is doing a good job. He is the right man at the right place. Rafa is a good coach and a good man. I've spoken to him since he has be
1,Middlesbrough boss Steve McClaren believes his side can clinch a top-four spot in the Premiership and secure qualification for the Champions League.  After their 3-2 win over Manchester City McClaren said: We are playing exciting football it's a magnificent result to keep us in the top five. But how well we do depends how often we can get our best team out. Once we got the third goal it should have been four or five but we near
1,Aston Villa's Thomas Hitzlsperger is waiting to learn the future of manager David O'Leary before committing himself to a new contract with the club.  O'Leary has been in talks over a new deal and he said: I had a message from Thomas' agent asking me what the news was on myself. He wants to find out before he goes into discussions over Thomas. The reason Thomas is not speaking to the club is because the agent wants to see the ou
1,Chelsea boss Jose Mourinho will not face any Football Association action over the comments he made after their Carling Cup tie with Manchester United.  Mourinho intimated that United boss Sir Alex Ferguson influenced referee Neale Barry after the duo walked down the tunnel together at half-time. But an FA spokesman told BBC Sport: We are not taking action over Mourinho. We have looked at the comments and we have decided that no
1,Glenn Hoddle has been unveiled as the new Wolves manager.  The ex-England coach has been given a six-month contract to succeed Dave Jones who was sacked after the club's poor start to the season. Wolves chairman Rick Hayward said: We're delighted Glenn is here. He has a six-month contract so we can test each other out and see if it works. Hoddle who will work alongside Stuart Gray has been out of the game since he was sacked by
1,Southampton are set to unveil Harry Redknapp as their new manager at a news conference at 1500 GMT on Wednesday.  The former Portsmouth boss replaces Steve Wigley who has been relieved of first-team duties after just one win in 14 league games in charge. Redknapp 57 quit his Fratton Park position on 24 November and vowed: I will not go down the road - no chance. Pompey coach Kevin Bond is poised to join Redknapp who will be Sai
1,Liverpool and Millwall have been charged by the Football Association over crowd trouble during their Carling Cup match on 26 October.  Millwall who lost the match 3-0 have also been charged over alleged racist behaviour by their supporters. During the match at Millwall's new Den Stadium seats were ripped up and four people were ejected from the ground. A disabled fan was injured at the perimeter of the pitch and riot police wer
1,Arsene Wenger has stepped up his feud with Sir Alex Ferguson by claiming the Manchester United manager is guilty of bringing football into disrepute.  The pair's long-running row was put back in the headlines on Saturday when Ferguson said his Arsenal counterpart was a disgrace. Wenger initially refused to bite back saying only: I will never answer any questions any more about this man. But now he claims Ferguson should be puni
1,Liverpool manager Rafael Benitez said their qualification for the next stage of the Champions League was one of the proudest nights of my career.  The Reds beat Olympiakos 3-1 with a late Steven Gerrard strike and Benitez said: It was a really great night. The players ran hard all the time and you see how much it means to the fans. We knew before the game that it was very important for the club to gain these extra finances. For
1,All four of England's Champions League representatives have reached the knockout stages for the first time.  Arsenal and Chelsea are seeded as group winners while runners-up Manchester United and Liverpool are not. Rules stipulate that teams from the same country or group will be kept apart in the draw on 17 December. The favourites are Chelsea and Barcelona and Real Madrid the two Milan sides Juventus and Bayern Munich are amo
1,Manchester United manager Sir Alex Ferguson said he has no regrets after his second-string side lost 3-0 away at Fenerbahce in the Champions League.  Ferguson said: The good thing about being manager is that you are in control of which team to pick. I care about United that's important so while I am disappointed at the result I am not at the team I selected. This game was important for the young lads. They will remember it and 
1,David Beckham expressed his relief at Real Madrid's passage to the Champions League knockout phase.  After Real's 3-0 win at Roma the England skipper admitted another season of under-achievement would not be tolerated at the Bernabeu stadium. Beckham said: It's expected of Madrid to get through but it's a relief for the club and players to have won. We lost momentum last season but we cannot afford to to go another season witho
1,Manchester United avoided an FA Cup upset by edging past Exeter City in their third round replay.  Cristiano Ronaldo scored the opener slipping the ball between Paul Jones' legs after just nine minutes. United wasted a host of chances to make it safe as Jones made some great saves but Wayne Rooney put the tie beyond doubt late on with a cool finish. Exeter had chances of their own Sean Devine twice volleying wide and Andrew Tay
1,Women's football legend Mia Hamm has played her final game.  Hamm 32 who officially retired after this year's Athens Olympics took to the field for the last time to help the US claim a 5-0 win over Mexico. Hamm ends her career as the most prolific scorer - male or female - in international football with 158 goals in 276 games for the US. She was twice Fifa women's player of the year and won the World Cup in 1991 and 1999 and tw
1,Arsenal boss Arsene Wenger says he has no plans to sign a new goalkeeper during the January transfer window.  Wenger has brought in Manuel Almunia for the last three games for the out-of-form Jens Lehmann - but the Spaniard himself has been prone to mistakes. There have been suggestions that Wenger will swoop for a high-quality shot-stopper in the New Year. But he told the Evening Standard: I don't feel it will be necessary to 
1,Liverpool chief executive Rick Parry insists the club will never sell Steven Gerrard amid reports Chelsea will renew their bid to lure him from Anfield.  Gerrard reiterated his desire to win trophies with the Reds after his superb Champions League winner on Wednesday. And Parry has moved to scotch claims that Chelsea could launch a Â£35m bid. There is no chance of Stevie going in January said Parry. That just won't happen. Our 
1,Joint assistant boss Stuart Pearce has admitted he would like to succeed Kevin Keegan as manager at Manchester City.  Keegan has decided to step down as City manager when his contract comes to an end in 18 months. You don't have to be Einstein to realise there will be a manager's job available at a really good club Pearce told BBC GMR. I will certainly be applying for it although whether the board deem me good enough to take it
1,Spectators were evacuated from Real Madrid's Bernabeu stadium on Sunday following a bomb scare during the game between the hosts and Real Sociedad.  More than 70000 people abandoned the ground with the score at 1-1 and only three minutes left to play. The Basque newspaper Gara apparently received a telephone call saying a bomb was due to explode at 2100 local time. But after searching the stadium with sniffer dogs the police sa
1,A gripping game between Arsenal and Chelsea ended with the honours finishing even at Highbury.  Thierry Henry produced a sublime strike to put Arsenal ahead but John Terry levelled with a powerful header. Henry's quickly-taken free-kick put Arsenal back in front but Eidur Gudjohnsen equalised with a header from William Gallas' knockback. Henry missed a golden chance when he blazed a shot high late on and Arsenal also had a pena
1,Real Madrid and Real Socieded will play the final six minutes of their match which was abandoned on Sunday because of a bomb scare.  The Bernabeu was evacuated with the score at 1-1 and two minutes of normal time remaining in the game. The teams will now play the final two minutes plus four minutes of injury time on 5 January. Brazilian Ronaldo and England captain David Beckham had to wait in the street in their kit after the a
1,Referee Graham Poll said he applied the laws of the game in allowing Arsenal striker Thierry Henry's free-kick in Sunday's 2-2 draw with Chelsea.  Keeper Petr Cech was organising his defensive wall when Henry's quick free-kick flew in which angered Chelsea. The whistle doesn't need to be blown. I asked Henry 'do you want a wall?'. He said 'can I take it please?' He was very polite. I said 'yes' said Poll. I deal with the laws o
1,Manchester United striker Ole Gunnar Solskjaer said he hoped to return next season following a career-threatening injury to his right knee.  The 31-year-old Norway international had surgery in Sweden in August to transplant cartilage into the joint. I'm in no doubt that I'll play again Solskjaer told Aftenposten Daily. The problem will be the speed but we're talking about eight months' time. It's going as it should with the kne
1,Richard Dunne is ready to commit his long-term future to Manchester City after turning his career around.  He was once threatened with the sack by City boss Kevin Keegan but has since responded with impressive performances prompting interest from other clubs. Early talks have taken place and the defender said: Hopefully something will be sorted out as soon as possible. I definitely want to stay at City because I have really imp
1,Ken Bates has completed his takeover of Leeds United.  The 73-year-old former Chelsea chairman sealed the deal at 0227 GMT on Friday and has bought a 50% stake in the club. He said: I'm delighted to be stepping up to the mantel at such a fantastic club. I recognise Leeds as a great club that has fallen on hard times. We have a lot of hard work ahead to get the club back where it belongs in the Premiership and with the help of o
1,Boss Sir Alex Ferguson was left ruing Manchester United's failure to close the gap on Chelsea Everton and Arsenal after his side's 1-1 draw with Fulham.  Premiership leaders Chelsea and the Gunners endured a 2-2 stalemate on Sunday giving United the chance to make up some ground in the league. But Ferguson said: I think what makes it so bad is that both our rivals dropped points at the weekend. It was a great opportunity - and 
1,Celtic's Henri Camara and Nacho Novo of Rangers have both been suspended for offences missed by the referee in a recent Old Firm game.  Both were given automatic one-match bans and 12 additional disciplinary points for their actions. That means Novo will miss a further two games because of his prior record. Camara will miss one additional game. Novo was found guilty of stamping on Celtic's Stephen Pearson. Camara was punished f
1,Manchester City striker Nicolas Anelka has issued an apology for criticising the ambitions of the club.  Anelka was quoted in a French newspaper as saying he would like to play in the Champions League for a bigger club. But chairman John Wardle said: I've spoken to Nicolas and he's apologised for anything that might have been mistakenly taken from the French press. We are a big club. Nicolas told me that he agrees with me that 
1,Boss Sir Alex Ferguson was left ruing Manchester United's failure to close the gap on Chelsea Everton and Arsenal after his side's 1-1 draw with Fulham.  Premiership leaders Chelsea and the Gunners endured a 2-2 stalemate on Sunday giving United the chance to make up some ground in the league. But Ferguson said: I think what makes it so bad is that both our rivals dropped points at the weekend. It was a great opportunity - and 
1,Everton defender David Weir has played down talk of European football despite his team lying in second place in the Premiership after beating Liverpool.  Weir told BBC Radio Five Live: We don't want to rest on our laurels and say we have achieved anything yet. I think you start taking your eye off the ball if you make statements and look too far into the future. If you start making predictions you soon fall back into trouble. T
1,Spain's Football Federation has initiated disciplinary action against national coach Luis Aragones over racist comments about Thierry Henry.  If found guilty Aragones could lose his job or face a fine of about Â£22000. The federation had initially declined to take action against Aragones after comments he made during a national team training session in October. But its president Angel Maria Villar changed his mind after a reque
1,Spain's Football Federation has initiated disciplinary action against national coach Luis Aragones over racist comments about Thierry Henry.  If found guilty Aragones could lose his job or face a fine of about Â£22000. The federation had initially declined to take action against Aragones after comments he made during a national team training session in October. But its president Angel Maria Villar changed his mind after a reque
1,Liverpool manager Rafael Benitez has refused to point the finger of blame at goalkeeper Jerzy Dudek after Portsmouth claimed a draw at Anfield.  Dudek fumbled a cross before Lomana LuaLua headed home an injury-time equaliser levelling after Steven Gerrard put Liverpool ahead. Benitez said: It was difficult for Jerzy. It was an unlucky moment. He was expecting a cross from Matthew Taylor and it ended up like a shot so I don't bl